--------------------------------------------------------------------------------
-- 2) 테이블 생성
--------------------------------------------------------------------------------
DROP TABLE TBL_DEPT;
CREATE TABLE TBL_DEPT
(DEPT_CODE           VARCHAR2(2)     NOT NULL
,DEPT_NM             VARCHAR2(10)    NOT NULL
,REGION               VARCHAR2(10)    NULL
);
DROP TABLE TBL_EMP;
CREATE TABLE TBL_EMP
(EMP_NO           NUMBER(3)       NOT NULL
,EMP_NM             VARCHAR2(10)    NOT NULL
,DEPT_CODE           VARCHAR2(2)     NOT NULL
,ROL_POSITION               VARCHAR2(6)     NOT NULL
,JOIN_DATE           DATE            NOT NULL
,RETIRE_DATE           DATE            NULL
,SAL_TYPE           VARCHAR2(10)     NOT NULL
,MONTH_SAL             NUMBER(10)      NOT NULL
,REG_DATE           DATE            NOT NULL
);
DROP TABLE TBL_APPOINT_RECORD;
CREATE TABLE TBL_APPOINT_RECORD
(EMP_NO           NUMBER(3)       NOT NULL
,CAREER_IDX           NUMBER(2)       NOT NULL
,APPOINT_DATE           DATE            NOT NULL
,ROL_POSITION               VARCHAR2(6)     NOT NULL
,DEPT_CODE           VARCHAR2(2)     NOT NULL
);
DROP TABLE TBL_ANNUAL_SAL;
CREATE TABLE TBL_ANNUAL_SAL
(EMP_NO           NUMBER(3)       NOT NULL
,ANNUAL_SAL             NUMBER(10)      NOT NULL
,BSIC_MONTH_PAY           NUMBER(10)      NOT NULL
);
DROP TABLE TBL_STEP_SAL;
CREATE TABLE TBL_STEP_SAL
(EMP_NO           NUMBER(3)       NOT NULL
,SAL_CLASS               NUMBER(10)      NOT NULL
,BSIC_MONTH_PAY           NUMBER(10)      NOT NULL
);
DROP TABLE TBL_CONTRACT_SAL;
CREATE TABLE TBL_CONTRACT_SAL
(EMP_NO           NUMBER(3)       NOT NULL
,BSIC_MONTH_PAY           NUMBER(10)      NOT NULL
);
DROP TABLE TBL_ETC_SAL;
CREATE TABLE TBL_ETC_SAL
(EMP_NO           NUMBER(3)       NOT NULL
,ETC_BSIC_PAY_YN   VARCHAR2(1)     NULL
,ETC_BSIC_PAY         NUMBER(10)      NULL
,ETC_SPCL_PAY_YN   VARCHAR2(1)     NULL
,ETC_SPCL_PAY         NUMBER(10)      NULL
,BONUS_PAY_YN     VARCHAR2(1)     NULL
,BONUS_PAY             NUMBER(10)      NULL
);
DROP TABLE TBL_PAY_RECORD;
CREATE TABLE TBL_PAY_RECORD
(SAL_MONTH             VARCHAR2(6)     NOT NULL
,EMP_NO           NUMBER(3)       NOT NULL
,MONTH_SAL             NUMBER(10)      NOT NULL
,BSIC_PAY             NUMBER(10)      NOT NULL
,수당               NUMBER(10)      NULL
,BONUS_PAY             NUMBER(10)      NULL
);
DROP TABLE TBL_PAYROLL;
CREATE TABLE TBL_PAYROLL
(
    EMP_NO           NUMBER(3)       NOT NULL
  , PAY_TYPE           VARCHAR2(20)    NOT NULL    
  , EMP_NM             VARCHAR2(10)    NOT NULL
  , 금액               NUMBER(10)      NOT NULL
);

ALTER TABLE TBL_DEPT       ADD CONSTRAINT TBL_DEPT_PK       PRIMARY KEY(DEPT_CODE         );
ALTER TABLE TBL_EMP       ADD CONSTRAINT TBL_EMP_PK       PRIMARY KEY(EMP_NO         );
ALTER TABLE TBL_APPOINT_RECORD   ADD CONSTRAINT TBL_APPOINT_RECORD_PK   PRIMARY KEY(EMP_NO,CAREER_IDX);
ALTER TABLE TBL_ANNUAL_SAL ADD CONSTRAINT TBL_ANNUAL_SAL_PK PRIMARY KEY(EMP_NO         );
ALTER TABLE TBL_STEP_SAL ADD CONSTRAINT TBL_STEP_SAL_PK PRIMARY KEY(EMP_NO         );
ALTER TABLE TBL_CONTRACT_SAL ADD CONSTRAINT TBL_CONTRACT_SAL_PK PRIMARY KEY(EMP_NO         );
ALTER TABLE TBL_ETC_SAL   ADD CONSTRAINT TBL_ETC_SAL_PK   PRIMARY KEY(EMP_NO         );
ALTER TABLE TBL_PAY_RECORD   ADD CONSTRAINT TBL_PAY_RECORD_PK   PRIMARY KEY(SAL_MONTH,EMP_NO  );
ALTER TABLE TBL_PAYROLL   ADD CONSTRAINT TBL_PAYROLL_PK   PRIMARY KEY(EMP_NO,PAY_TYPE);


--------------------------------------------------------------------------------
-- 3) 데이터 생성
--------------------------------------------------------------------------------
-- TBL_DEPT
TRUNCATE TABLE TBL_DEPT;

INSERT INTO TBL_DEPT VALUES('10', '인사팀', '서울');
INSERT INTO TBL_DEPT VALUES('20', '영업팀', '대전');
INSERT INTO TBL_DEPT VALUES('30', '전산팀', '수원');

COMMIT;

-- TBL_EMP
TRUNCATE TABLE TBL_EMP;

INSERT INTO TBL_EMP VALUES(101, '조동진', '30', '대리', TO_DATE('2008-03-01', 'YYYY-MM-DD'), TO_DATE('', 'YYYY-MM-DD'), '연봉', 1400000, TO_DATE('2008/03/01 14:11:00', 'YYYY/MM/DD HH24:MI:SS'));
INSERT INTO TBL_EMP VALUES(102, '한영애', '30', '대리', TO_DATE('2008-05-01', 'YYYY-MM-DD'), TO_DATE('2010-12-01', 'YYYY-MM-DD'), '연봉', 1540000, TO_DATE('2008/05/01 14:12:00', 'YYYY/MM/DD HH24:MI:SS'));
INSERT INTO TBL_EMP VALUES(103, '조규찬', '20', '대리', TO_DATE('2008-12-01', 'YYYY-MM-DD'), TO_DATE('', 'YYYY-MM-DD'), '금액', 1600000, TO_DATE('2008/12/01 14:03:00', 'YYYY/MM/DD HH24:MI:SS'));
INSERT INTO TBL_EMP VALUES(104, '이상은', '10', '과장', TO_DATE('2003-05-01', 'YYYY-MM-DD'), TO_DATE('', 'YYYY-MM-DD'), '연봉', 1680000, TO_DATE('2003/05/01 13:54:00', 'YYYY/MM/DD HH24:MI:SS'));
INSERT INTO TBL_EMP VALUES(105, '조덕배', '10', '과장', TO_DATE('2004-08-01', 'YYYY-MM-DD'), TO_DATE('', 'YYYY-MM-DD'), '호봉', 1540000, TO_DATE('2004/08/01 13:55:00', 'YYYY/MM/DD HH24:MI:SS'));
INSERT INTO TBL_EMP VALUES(106, '장필순', '10', '과장', TO_DATE('2005-09-01', 'YYYY-MM-DD'), TO_DATE('', 'YYYY-MM-DD'), '호봉', 1700000, TO_DATE('2005/09/01 13:56:00', 'YYYY/MM/DD HH24:MI:SS'));
INSERT INTO TBL_EMP VALUES(107, '오석준', '30', '차장', TO_DATE('2001-10-01', 'YYYY-MM-DD'), TO_DATE('', 'YYYY-MM-DD'), '금액', 1770000, TO_DATE('2001/10/01 14:17:00', 'YYYY/MM/DD HH24:MI:SS'));
INSERT INTO TBL_EMP VALUES(108, '이규석', '20', '차장', TO_DATE('2001-10-01', 'YYYY-MM-DD'), TO_DATE('', 'YYYY-MM-DD'), '호봉', 1600000, TO_DATE('2001/10/01 14:08:00', 'YYYY/MM/DD HH24:MI:SS'));
INSERT INTO TBL_EMP VALUES(109, '전수경', '30', '대리', TO_DATE('2007-03-01', 'YYYY-MM-DD'), TO_DATE('', 'YYYY-MM-DD'), '연봉', 1470000, TO_DATE('2007/03/01 14:19:00', 'YYYY/MM/DD HH24:MI:SS'));
INSERT INTO TBL_EMP VALUES(110, '이선희', '10', '차장', TO_DATE('2000-03-01', 'YYYY-MM-DD'), TO_DATE('2007-12-01', 'YYYY-MM-DD'), '호봉', 1790000, TO_DATE('2000/03/01 14:00:00', 'YYYY/MM/DD HH24:MI:SS'));
INSERT INTO TBL_EMP VALUES(111, '김창완', '30', '차장', TO_DATE('2003-03-01', 'YYYY-MM-DD'), TO_DATE('', 'YYYY-MM-DD'), '연봉', 1530000, TO_DATE('2003/03/01 14:21:00', 'YYYY/MM/DD HH24:MI:SS'));
INSERT INTO TBL_EMP VALUES(112, '이현우', '20', '과장', TO_DATE('2004-03-01', 'YYYY-MM-DD'), TO_DATE('', 'YYYY-MM-DD'), '금액', 1500000, TO_DATE('2004/03/01 14:12:00', 'YYYY/MM/DD HH24:MI:SS'));


COMMIT;

-- TBL_APPOINT_RECORD
TRUNCATE TABLE TBL_APPOINT_RECORD;

INSERT INTO TBL_APPOINT_RECORD VALUES(101, 1, TO_DATE('2008-03-01', 'YYYY-MM-DD'), '사원', '30');
INSERT INTO TBL_APPOINT_RECORD VALUES(101, 2, TO_DATE('2010-03-01', 'YYYY-MM-DD'), '대리', '30');
INSERT INTO TBL_APPOINT_RECORD VALUES(102, 1, TO_DATE('2008-05-01', 'YYYY-MM-DD'), '대리', '30');
INSERT INTO TBL_APPOINT_RECORD VALUES(103, 1, TO_DATE('2008-12-01', 'YYYY-MM-DD'), '사원', '20');
INSERT INTO TBL_APPOINT_RECORD VALUES(103, 2, TO_DATE('2010-12-01', 'YYYY-MM-DD'), '대리', '20');
INSERT INTO TBL_APPOINT_RECORD VALUES(104, 1, TO_DATE('2003-05-01', 'YYYY-MM-DD'), '사원', '10');
INSERT INTO TBL_APPOINT_RECORD VALUES(104, 2, TO_DATE('2005-05-01', 'YYYY-MM-DD'), '대리', '10');
INSERT INTO TBL_APPOINT_RECORD VALUES(104, 3, TO_DATE('2008-05-01', 'YYYY-MM-DD'), '과장', '10');
INSERT INTO TBL_APPOINT_RECORD VALUES(105, 1, TO_DATE('2004-08-01', 'YYYY-MM-DD'), '사원', '10');
INSERT INTO TBL_APPOINT_RECORD VALUES(105, 2, TO_DATE('2007-08-01', 'YYYY-MM-DD'), '대리', '10');
INSERT INTO TBL_APPOINT_RECORD VALUES(105, 3, TO_DATE('2010-08-01', 'YYYY-MM-DD'), '과장', '10');
INSERT INTO TBL_APPOINT_RECORD VALUES(106, 1, TO_DATE('2005-09-01', 'YYYY-MM-DD'), '과장', '10');
INSERT INTO TBL_APPOINT_RECORD VALUES(107, 1, TO_DATE('2001-10-01', 'YYYY-MM-DD'), '차장', '30');
INSERT INTO TBL_APPOINT_RECORD VALUES(108, 1, TO_DATE('2001-10-01', 'YYYY-MM-DD'), '차장', '20');
INSERT INTO TBL_APPOINT_RECORD VALUES(109, 1, TO_DATE('2007-03-01', 'YYYY-MM-DD'), '대리', '30');
INSERT INTO TBL_APPOINT_RECORD VALUES(110, 1, TO_DATE('2000-03-01', 'YYYY-MM-DD'), '차장', '10');
INSERT INTO TBL_APPOINT_RECORD VALUES(111, 1, TO_DATE('2003-03-01', 'YYYY-MM-DD'), '차장', '30');
INSERT INTO TBL_APPOINT_RECORD VALUES(112, 1, TO_DATE('2004-03-01', 'YYYY-MM-DD'), '과장', '20');

COMMIT;

-- TBL_ANNUAL_SAL
TRUNCATE TABLE TBL_ANNUAL_SAL;

INSERT INTO TBL_ANNUAL_SAL VALUES(101, 15600000, 1300000);
INSERT INTO TBL_ANNUAL_SAL VALUES(102, 15840000, 1320000);
INSERT INTO TBL_ANNUAL_SAL VALUES(104, 17520000, 1460000);
INSERT INTO TBL_ANNUAL_SAL VALUES(109, 16200000, 1350000);
INSERT INTO TBL_ANNUAL_SAL VALUES(111, 18360000, 1530000);

COMMIT;

-- TBL_STEP_SAL
TRUNCATE TABLE TBL_STEP_SAL;

INSERT INTO TBL_STEP_SAL VALUES(105, 9, 1440000);
INSERT INTO TBL_STEP_SAL VALUES(106, 8, 1400000);
INSERT INTO TBL_STEP_SAL VALUES(108, 11, 1500000);
INSERT INTO TBL_STEP_SAL VALUES(110, 13, 1590000);

COMMIT;

-- 금액제금여
TRUNCATE TABLE TBL_CONTRACT_SAL;

INSERT INTO TBL_CONTRACT_SAL VALUES(103, 1300000);
INSERT INTO TBL_CONTRACT_SAL VALUES(107, 1550000);
INSERT INTO TBL_CONTRACT_SAL VALUES(112, 1400000);

COMMIT;

-- TBL_ETC_SAL
TRUNCATE TABLE TBL_ETC_SAL;

INSERT INTO TBL_ETC_SAL VALUES(101, 'Y', 100000, '', NULL, '', NULL);
INSERT INTO TBL_ETC_SAL VALUES(102, 'Y', 100000, 'Y', 120000, '', NULL);
INSERT INTO TBL_ETC_SAL VALUES(103, 'Y', 100000, '', NULL, 'Y', 200000);
INSERT INTO TBL_ETC_SAL VALUES(104, 'Y', 100000, 'Y', 120000, '', NULL);
INSERT INTO TBL_ETC_SAL VALUES(105, 'Y', 100000, '', NULL, '', NULL);
INSERT INTO TBL_ETC_SAL VALUES(106, 'Y', 100000, '', NULL, 'Y', 200000);
INSERT INTO TBL_ETC_SAL VALUES(107, 'Y', 100000, 'Y', 120000, '', NULL);
INSERT INTO TBL_ETC_SAL VALUES(108, 'Y', 100000, '', NULL, '', NULL);
INSERT INTO TBL_ETC_SAL VALUES(109, '', NULL, 'Y', 120000, '', NULL);
INSERT INTO TBL_ETC_SAL VALUES(110, '', NULL, '', NULL, 'Y', 200000);
INSERT INTO TBL_ETC_SAL VALUES(112, 'Y', 100000, '', NULL, '', NULL);

COMMIT;

-- TBL_PAY_RECORD
TRUNCATE TABLE TBL_PAY_RECORD;

INSERT INTO TBL_PAY_RECORD VALUES('201001', 101, 1400000, 1300000, 100000, NULL);
INSERT INTO TBL_PAY_RECORD VALUES('201001', 102, 1540000, 1320000, 220000, NULL);
INSERT INTO TBL_PAY_RECORD VALUES('201001', 103, 1600000, 1300000, 100000, 200000);
INSERT INTO TBL_PAY_RECORD VALUES('201001', 104, 1680000, 1460000, 220000, NULL);
INSERT INTO TBL_PAY_RECORD VALUES('201001', 105, 1540000, 1440000, 100000, NULL);
INSERT INTO TBL_PAY_RECORD VALUES('201001', 106, 1700000, 1400000, 100000, 200000);
INSERT INTO TBL_PAY_RECORD VALUES('201001', 107, 1770000, 1550000, 220000, NULL);
INSERT INTO TBL_PAY_RECORD VALUES('201001', 108, 1600000, 1500000, 100000, NULL);
INSERT INTO TBL_PAY_RECORD VALUES('201001', 109, 1470000, 1350000, 120000, NULL);
INSERT INTO TBL_PAY_RECORD VALUES('201001', 111, 1530000, 1530000, NULL, NULL);
INSERT INTO TBL_PAY_RECORD VALUES('201001', 112, 1500000, 1400000, 100000, NULL);
INSERT INTO TBL_PAY_RECORD VALUES('201002', 101, 1400000, 1300000, 100000, NULL);
INSERT INTO TBL_PAY_RECORD VALUES('201002', 102, 1540000, 1320000, 220000, NULL);
INSERT INTO TBL_PAY_RECORD VALUES('201002', 103, 1600000, 1300000, 100000, 200000);
INSERT INTO TBL_PAY_RECORD VALUES('201002', 104, 1680000, 1460000, 220000, NULL);
INSERT INTO TBL_PAY_RECORD VALUES('201002', 105, 1540000, 1440000, 100000, NULL);
INSERT INTO TBL_PAY_RECORD VALUES('201002', 106, 1700000, 1400000, 100000, 200000);
INSERT INTO TBL_PAY_RECORD VALUES('201002', 107, 1770000, 1550000, 220000, NULL);
INSERT INTO TBL_PAY_RECORD VALUES('201002', 108, 1600000, 1500000, 100000, NULL);
INSERT INTO TBL_PAY_RECORD VALUES('201002', 109, 1470000, 1350000, 120000, NULL);
INSERT INTO TBL_PAY_RECORD VALUES('201002', 111, 1530000, 1530000, NULL, NULL);
INSERT INTO TBL_PAY_RECORD VALUES('201002', 112, 1500000, 1400000, 100000, NULL);
INSERT INTO TBL_PAY_RECORD VALUES('201003', 101, 1400000, 1300000, 100000, NULL);
INSERT INTO TBL_PAY_RECORD VALUES('201003', 102, 1540000, 1320000, 220000, NULL);
INSERT INTO TBL_PAY_RECORD VALUES('201003', 103, 1600000, 1300000, 100000, 200000);
INSERT INTO TBL_PAY_RECORD VALUES('201003', 104, 1680000, 1460000, 220000, NULL);
INSERT INTO TBL_PAY_RECORD VALUES('201003', 105, 1540000, 1440000, 100000, NULL);
INSERT INTO TBL_PAY_RECORD VALUES('201003', 106, 1700000, 1400000, 100000, 200000);
INSERT INTO TBL_PAY_RECORD VALUES('201003', 107, 1770000, 1550000, 220000, NULL);
INSERT INTO TBL_PAY_RECORD VALUES('201003', 108, 1600000, 1500000, 100000, NULL);
INSERT INTO TBL_PAY_RECORD VALUES('201003', 109, 1470000, 1350000, 120000, NULL);
INSERT INTO TBL_PAY_RECORD VALUES('201003', 111, 1530000, 1530000, NULL, NULL);
INSERT INTO TBL_PAY_RECORD VALUES('201003', 112, 1500000, 1400000, 100000, NULL);
INSERT INTO TBL_PAY_RECORD VALUES('201004', 101, 1400000, 1300000, 100000, NULL);
INSERT INTO TBL_PAY_RECORD VALUES('201004', 102, 1540000, 1320000, 220000, NULL);
INSERT INTO TBL_PAY_RECORD VALUES('201004', 103, 1600000, 1300000, 100000, 200000);
INSERT INTO TBL_PAY_RECORD VALUES('201004', 104, 1680000, 1460000, 220000, NULL);
INSERT INTO TBL_PAY_RECORD VALUES('201004', 105, 1540000, 1440000, 100000, NULL);
INSERT INTO TBL_PAY_RECORD VALUES('201004', 106, 1700000, 1400000, 100000, 200000);
INSERT INTO TBL_PAY_RECORD VALUES('201004', 107, 1770000, 1550000, 220000, NULL);
INSERT INTO TBL_PAY_RECORD VALUES('201004', 108, 1600000, 1500000, 100000, NULL);
INSERT INTO TBL_PAY_RECORD VALUES('201004', 109, 1470000, 1350000, 120000, NULL);
INSERT INTO TBL_PAY_RECORD VALUES('201004', 111, 1530000, 1530000, NULL, NULL);
INSERT INTO TBL_PAY_RECORD VALUES('201004', 112, 1500000, 1400000, 100000, NULL);
INSERT INTO TBL_PAY_RECORD VALUES('201005', 101, 1400000, 1300000, 100000, NULL);
INSERT INTO TBL_PAY_RECORD VALUES('201005', 102, 1540000, 1320000, 220000, NULL);
INSERT INTO TBL_PAY_RECORD VALUES('201005', 103, 1600000, 1300000, 100000, 200000);
INSERT INTO TBL_PAY_RECORD VALUES('201005', 104, 1680000, 1460000, 220000, NULL);
INSERT INTO TBL_PAY_RECORD VALUES('201005', 105, 1540000, 1440000, 100000, NULL);
INSERT INTO TBL_PAY_RECORD VALUES('201005', 106, 1700000, 1400000, 100000, 200000);
INSERT INTO TBL_PAY_RECORD VALUES('201005', 107, 1770000, 1550000, 220000, NULL);
INSERT INTO TBL_PAY_RECORD VALUES('201005', 108, 1600000, 1500000, 100000, NULL);
INSERT INTO TBL_PAY_RECORD VALUES('201005', 109, 1470000, 1350000, 120000, NULL);
INSERT INTO TBL_PAY_RECORD VALUES('201005', 111, 1530000, 1530000, NULL, NULL);
INSERT INTO TBL_PAY_RECORD VALUES('201005', 112, 1500000, 1400000, 100000, NULL);
INSERT INTO TBL_PAY_RECORD VALUES('201006', 101, 1400000, 1300000, 100000, NULL);
INSERT INTO TBL_PAY_RECORD VALUES('201006', 102, 1540000, 1320000, 220000, NULL);
INSERT INTO TBL_PAY_RECORD VALUES('201006', 103, 1600000, 1300000, 100000, 200000);
INSERT INTO TBL_PAY_RECORD VALUES('201006', 104, 1680000, 1460000, 220000, NULL);
INSERT INTO TBL_PAY_RECORD VALUES('201006', 105, 1540000, 1440000, 100000, NULL);
INSERT INTO TBL_PAY_RECORD VALUES('201006', 106, 1700000, 1400000, 100000, 200000);
INSERT INTO TBL_PAY_RECORD VALUES('201006', 107, 1770000, 1550000, 220000, NULL);
INSERT INTO TBL_PAY_RECORD VALUES('201006', 108, 1600000, 1500000, 100000, NULL);
INSERT INTO TBL_PAY_RECORD VALUES('201006', 109, 1470000, 1350000, 120000, NULL);
INSERT INTO TBL_PAY_RECORD VALUES('201006', 111, 1530000, 1530000, NULL, NULL);
INSERT INTO TBL_PAY_RECORD VALUES('201006', 112, 1500000, 1400000, 100000, NULL);
INSERT INTO TBL_PAY_RECORD VALUES('201007', 101, 1400000, 1300000, 100000, NULL);
INSERT INTO TBL_PAY_RECORD VALUES('201007', 102, 1540000, 1320000, 220000, NULL);
INSERT INTO TBL_PAY_RECORD VALUES('201007', 103, 1600000, 1300000, 100000, 200000);
INSERT INTO TBL_PAY_RECORD VALUES('201007', 104, 1680000, 1460000, 220000, NULL);
INSERT INTO TBL_PAY_RECORD VALUES('201007', 105, 1540000, 1440000, 100000, NULL);
INSERT INTO TBL_PAY_RECORD VALUES('201007', 106, 1700000, 1400000, 100000, 200000);
INSERT INTO TBL_PAY_RECORD VALUES('201007', 107, 1770000, 1550000, 220000, NULL);
INSERT INTO TBL_PAY_RECORD VALUES('201007', 108, 1600000, 1500000, 100000, NULL);
INSERT INTO TBL_PAY_RECORD VALUES('201007', 109, 1470000, 1350000, 120000, NULL);
INSERT INTO TBL_PAY_RECORD VALUES('201007', 111, 1530000, 1530000, NULL, NULL);
INSERT INTO TBL_PAY_RECORD VALUES('201007', 112, 1500000, 1400000, 100000, NULL);
INSERT INTO TBL_PAY_RECORD VALUES('201008', 101, 1400000, 1300000, 100000, NULL);
INSERT INTO TBL_PAY_RECORD VALUES('201008', 102, 1540000, 1320000, 220000, NULL);
INSERT INTO TBL_PAY_RECORD VALUES('201008', 103, 1600000, 1300000, 100000, 200000);
INSERT INTO TBL_PAY_RECORD VALUES('201008', 104, 1680000, 1460000, 220000, NULL);
INSERT INTO TBL_PAY_RECORD VALUES('201008', 105, 1540000, 1440000, 100000, NULL);
INSERT INTO TBL_PAY_RECORD VALUES('201008', 106, 1700000, 1400000, 100000, 200000);
INSERT INTO TBL_PAY_RECORD VALUES('201008', 107, 1770000, 1550000, 220000, NULL);
INSERT INTO TBL_PAY_RECORD VALUES('201008', 108, 1600000, 1500000, 100000, NULL);
INSERT INTO TBL_PAY_RECORD VALUES('201008', 109, 1470000, 1350000, 120000, NULL);
INSERT INTO TBL_PAY_RECORD VALUES('201008', 111, 1530000, 1530000, NULL, NULL);
INSERT INTO TBL_PAY_RECORD VALUES('201008', 112, 1500000, 1400000, 100000, NULL);
INSERT INTO TBL_PAY_RECORD VALUES('201009', 101, 1400000, 1300000, 100000, NULL);
INSERT INTO TBL_PAY_RECORD VALUES('201009', 102, 1540000, 1320000, 220000, NULL);
INSERT INTO TBL_PAY_RECORD VALUES('201009', 103, 1600000, 1300000, 100000, 200000);
INSERT INTO TBL_PAY_RECORD VALUES('201009', 104, 1680000, 1460000, 220000, NULL);
INSERT INTO TBL_PAY_RECORD VALUES('201009', 105, 1540000, 1440000, 100000, NULL);
INSERT INTO TBL_PAY_RECORD VALUES('201009', 106, 1700000, 1400000, 100000, 200000);
INSERT INTO TBL_PAY_RECORD VALUES('201009', 107, 1770000, 1550000, 220000, NULL);
INSERT INTO TBL_PAY_RECORD VALUES('201009', 108, 1600000, 1500000, 100000, NULL);
INSERT INTO TBL_PAY_RECORD VALUES('201009', 109, 1470000, 1350000, 120000, NULL);
INSERT INTO TBL_PAY_RECORD VALUES('201009', 111, 1530000, 1530000, NULL, NULL);
INSERT INTO TBL_PAY_RECORD VALUES('201009', 112, 1500000, 1400000, 100000, NULL);
INSERT INTO TBL_PAY_RECORD VALUES('201010', 101, 1400000, 1300000, 100000, NULL);
INSERT INTO TBL_PAY_RECORD VALUES('201010', 102, 1540000, 1320000, 220000, NULL);
INSERT INTO TBL_PAY_RECORD VALUES('201010', 103, 1600000, 1300000, 100000, 200000);
INSERT INTO TBL_PAY_RECORD VALUES('201010', 104, 1680000, 1460000, 220000, NULL);
INSERT INTO TBL_PAY_RECORD VALUES('201010', 105, 1540000, 1440000, 100000, NULL);
INSERT INTO TBL_PAY_RECORD VALUES('201010', 106, 1700000, 1400000, 100000, 200000);
INSERT INTO TBL_PAY_RECORD VALUES('201010', 107, 1770000, 1550000, 220000, NULL);
INSERT INTO TBL_PAY_RECORD VALUES('201010', 108, 1600000, 1500000, 100000, NULL);
INSERT INTO TBL_PAY_RECORD VALUES('201010', 109, 1470000, 1350000, 120000, NULL);
INSERT INTO TBL_PAY_RECORD VALUES('201010', 111, 1530000, 1530000, NULL, NULL);
INSERT INTO TBL_PAY_RECORD VALUES('201010', 112, 1500000, 1400000, 100000, NULL);
INSERT INTO TBL_PAY_RECORD VALUES('201011', 101, 1400000, 1300000, 100000, NULL);
INSERT INTO TBL_PAY_RECORD VALUES('201011', 102, 1540000, 1320000, 220000, NULL);
INSERT INTO TBL_PAY_RECORD VALUES('201011', 103, 1600000, 1300000, 100000, 200000);
INSERT INTO TBL_PAY_RECORD VALUES('201011', 104, 1680000, 1460000, 220000, NULL);
INSERT INTO TBL_PAY_RECORD VALUES('201011', 105, 1540000, 1440000, 100000, NULL);
INSERT INTO TBL_PAY_RECORD VALUES('201011', 106, 1700000, 1400000, 100000, 200000);
INSERT INTO TBL_PAY_RECORD VALUES('201011', 107, 1770000, 1550000, 220000, NULL);
INSERT INTO TBL_PAY_RECORD VALUES('201011', 108, 1600000, 1500000, 100000, NULL);
INSERT INTO TBL_PAY_RECORD VALUES('201011', 109, 1470000, 1350000, 120000, NULL);
INSERT INTO TBL_PAY_RECORD VALUES('201011', 111, 1530000, 1530000, NULL, NULL);
INSERT INTO TBL_PAY_RECORD VALUES('201011', 112, 1500000, 1400000, 100000, NULL);
INSERT INTO TBL_PAY_RECORD VALUES('201012', 101, 1400000, 1300000, 100000, NULL);
INSERT INTO TBL_PAY_RECORD VALUES('201012', 103, 1600000, 1300000, 100000, 200000);
INSERT INTO TBL_PAY_RECORD VALUES('201012', 104, 1680000, 1460000, 220000, NULL);
INSERT INTO TBL_PAY_RECORD VALUES('201012', 105, 1540000, 1440000, 100000, NULL);
INSERT INTO TBL_PAY_RECORD VALUES('201012', 106, 1700000, 1400000, 100000, 200000);
INSERT INTO TBL_PAY_RECORD VALUES('201012', 107, 1770000, 1550000, 220000, NULL);
INSERT INTO TBL_PAY_RECORD VALUES('201012', 108, 1600000, 1500000, 100000, NULL);
INSERT INTO TBL_PAY_RECORD VALUES('201012', 109, 1470000, 1350000, 120000, NULL);
INSERT INTO TBL_PAY_RECORD VALUES('201012', 111, 1530000, 1530000, NULL, NULL);
INSERT INTO TBL_PAY_RECORD VALUES('201012', 112, 1500000, 1400000, 100000, NULL);
INSERT INTO TBL_PAY_RECORD VALUES('201101', 101, 1400000, 1300000, 100000, NULL);
INSERT INTO TBL_PAY_RECORD VALUES('201101', 103, 1600000, 1300000, 100000, 200000);
INSERT INTO TBL_PAY_RECORD VALUES('201101', 104, 1680000, 1460000, 220000, NULL);
INSERT INTO TBL_PAY_RECORD VALUES('201101', 105, 1540000, 1440000, 100000, NULL);
INSERT INTO TBL_PAY_RECORD VALUES('201101', 106, 1700000, 1400000, 100000, 200000);
INSERT INTO TBL_PAY_RECORD VALUES('201101', 107, 1770000, 1550000, 220000, NULL);
INSERT INTO TBL_PAY_RECORD VALUES('201101', 108, 1600000, 1500000, 100000, NULL);
INSERT INTO TBL_PAY_RECORD VALUES('201101', 109, 1470000, 1350000, 120000, NULL);
INSERT INTO TBL_PAY_RECORD VALUES('201101', 111, 1530000, 1530000, NULL, NULL);
INSERT INTO TBL_PAY_RECORD VALUES('201101', 112, 1500000, 1400000, 100000, NULL);
INSERT INTO TBL_PAY_RECORD VALUES('201102', 101, 1400000, 1300000, 100000, NULL);
INSERT INTO TBL_PAY_RECORD VALUES('201102', 103, 1600000, 1300000, 100000, 200000);
INSERT INTO TBL_PAY_RECORD VALUES('201102', 104, 1680000, 1460000, 220000, NULL);
INSERT INTO TBL_PAY_RECORD VALUES('201102', 105, 1540000, 1440000, 100000, NULL);
INSERT INTO TBL_PAY_RECORD VALUES('201102', 106, 1700000, 1400000, 100000, 200000);
INSERT INTO TBL_PAY_RECORD VALUES('201102', 107, 1770000, 1550000, 220000, NULL);
INSERT INTO TBL_PAY_RECORD VALUES('201102', 108, 1600000, 1500000, 100000, NULL);
INSERT INTO TBL_PAY_RECORD VALUES('201102', 109, 1470000, 1350000, 120000, NULL);
INSERT INTO TBL_PAY_RECORD VALUES('201102', 111, 1530000, 1530000, NULL, NULL);
INSERT INTO TBL_PAY_RECORD VALUES('201102', 112, 1500000, 1400000, 100000, NULL);
INSERT INTO TBL_PAY_RECORD VALUES('201103', 101, 1400000, 1300000, 100000, NULL);
INSERT INTO TBL_PAY_RECORD VALUES('201103', 103, 1600000, 1300000, 100000, 200000);
INSERT INTO TBL_PAY_RECORD VALUES('201103', 104, 1680000, 1460000, 220000, NULL);
INSERT INTO TBL_PAY_RECORD VALUES('201103', 105, 1540000, 1440000, 100000, NULL);
INSERT INTO TBL_PAY_RECORD VALUES('201103', 106, 1700000, 1400000, 100000, 200000);
INSERT INTO TBL_PAY_RECORD VALUES('201103', 107, 1770000, 1550000, 220000, NULL);
INSERT INTO TBL_PAY_RECORD VALUES('201103', 108, 1600000, 1500000, 100000, NULL);
INSERT INTO TBL_PAY_RECORD VALUES('201103', 109, 1470000, 1350000, 120000, NULL);
INSERT INTO TBL_PAY_RECORD VALUES('201103', 111, 1530000, 1530000, NULL, NULL);
INSERT INTO TBL_PAY_RECORD VALUES('201103', 112, 1500000, 1400000, 100000, NULL);
INSERT INTO TBL_PAY_RECORD VALUES('201104', 101, 1400000, 1300000, 100000, NULL);
INSERT INTO TBL_PAY_RECORD VALUES('201104', 103, 1600000, 1300000, 100000, 200000);
INSERT INTO TBL_PAY_RECORD VALUES('201104', 104, 1680000, 1460000, 220000, NULL);
INSERT INTO TBL_PAY_RECORD VALUES('201104', 105, 1540000, 1440000, 100000, NULL);
INSERT INTO TBL_PAY_RECORD VALUES('201104', 106, 1700000, 1400000, 100000, 200000);
INSERT INTO TBL_PAY_RECORD VALUES('201104', 107, 1770000, 1550000, 220000, NULL);
INSERT INTO TBL_PAY_RECORD VALUES('201104', 108, 1600000, 1500000, 100000, NULL);
INSERT INTO TBL_PAY_RECORD VALUES('201104', 109, 1470000, 1350000, 120000, NULL);
INSERT INTO TBL_PAY_RECORD VALUES('201104', 111, 1530000, 1530000, NULL, NULL);
INSERT INTO TBL_PAY_RECORD VALUES('201104', 112, 1500000, 1400000, 100000, NULL);
INSERT INTO TBL_PAY_RECORD VALUES('201105', 101, 1400000, 1300000, 100000, NULL);
INSERT INTO TBL_PAY_RECORD VALUES('201105', 103, 1600000, 1300000, 100000, 200000);
INSERT INTO TBL_PAY_RECORD VALUES('201105', 104, 1680000, 1460000, 220000, NULL);
INSERT INTO TBL_PAY_RECORD VALUES('201105', 105, 1540000, 1440000, 100000, NULL);
INSERT INTO TBL_PAY_RECORD VALUES('201105', 106, 1700000, 1400000, 100000, 200000);
INSERT INTO TBL_PAY_RECORD VALUES('201105', 107, 1770000, 1550000, 220000, NULL);
INSERT INTO TBL_PAY_RECORD VALUES('201105', 108, 1600000, 1500000, 100000, NULL);
INSERT INTO TBL_PAY_RECORD VALUES('201105', 109, 1470000, 1350000, 120000, NULL);
INSERT INTO TBL_PAY_RECORD VALUES('201105', 111, 1530000, 1530000, NULL, NULL);
INSERT INTO TBL_PAY_RECORD VALUES('201105', 112, 1500000, 1400000, 100000, NULL);
INSERT INTO TBL_PAY_RECORD VALUES('201106', 101, 1400000, 1300000, 100000, NULL);
INSERT INTO TBL_PAY_RECORD VALUES('201106', 103, 1600000, 1300000, 100000, 200000);
INSERT INTO TBL_PAY_RECORD VALUES('201106', 104, 1680000, 1460000, 220000, NULL);
INSERT INTO TBL_PAY_RECORD VALUES('201106', 105, 1540000, 1440000, 100000, NULL);
INSERT INTO TBL_PAY_RECORD VALUES('201106', 106, 1700000, 1400000, 100000, 200000);
INSERT INTO TBL_PAY_RECORD VALUES('201106', 107, 1770000, 1550000, 220000, NULL);
INSERT INTO TBL_PAY_RECORD VALUES('201106', 108, 1600000, 1500000, 100000, NULL);
INSERT INTO TBL_PAY_RECORD VALUES('201106', 109, 1470000, 1350000, 120000, NULL);
INSERT INTO TBL_PAY_RECORD VALUES('201106', 111, 1530000, 1530000, NULL, NULL);
INSERT INTO TBL_PAY_RECORD VALUES('201106', 112, 1500000, 1400000, 100000, NULL);

COMMIT;

--------------------------------------------------------------------------------
-- 4) 테이블과 컬럼 코멘트
--------------------------------------------------------------------------------
COMMENT ON TABLE TBL_DEPT IS 'TBL_DEPT';
COMMENT ON TABLE TBL_EMP IS 'TBL_EMP';
COMMENT ON TABLE TBL_APPOINT_RECORD IS 'TBL_APPOINT_RECORD';
COMMENT ON TABLE TBL_ANNUAL_SAL IS 'TBL_ANNUAL_SAL';
COMMENT ON TABLE TBL_STEP_SAL IS 'TBL_STEP_SAL';
COMMENT ON TABLE TBL_CONTRACT_SAL IS 'TBL_CONTRACT_SAL';
COMMENT ON TABLE TBL_ETC_SAL IS 'TBL_ETC_SAL';
COMMENT ON TABLE TBL_PAY_RECORD IS 'TBL_PAY_RECORD';

COMMENT ON COLUMN TBL_CONTRACT_SAL.EMP_NO IS 'EMP_NO';
COMMENT ON COLUMN TBL_CONTRACT_SAL.BSIC_MONTH_PAY IS 'BSIC_MONTH_PAY';
COMMENT ON COLUMN TBL_PAY_RECORD.SAL_MONTH IS 'SAL_MONTH';
COMMENT ON COLUMN TBL_PAY_RECORD.EMP_NO IS 'EMP_NO';
COMMENT ON COLUMN TBL_PAY_RECORD.MONTH_SAL IS 'MONTH_SAL';
COMMENT ON COLUMN TBL_PAY_RECORD.BSIC_PAY IS 'BSIC_PAY';
COMMENT ON COLUMN TBL_PAY_RECORD.수당 IS '수당';
COMMENT ON COLUMN TBL_PAY_RECORD.BONUS_PAY IS 'BONUS_PAY';
COMMENT ON COLUMN TBL_ETC_SAL.EMP_NO IS 'EMP_NO';
COMMENT ON COLUMN TBL_ETC_SAL.ETC_BSIC_PAY_YN IS 'ETC_BSIC_PAY_YN';
COMMENT ON COLUMN TBL_ETC_SAL.ETC_BSIC_PAY IS 'ETC_BSIC_PAY';
COMMENT ON COLUMN TBL_ETC_SAL.ETC_SPCL_PAY_YN IS 'ETC_SPCL_PAY_YN';
COMMENT ON COLUMN TBL_ETC_SAL.ETC_SPCL_PAY IS 'ETC_SPCL_PAY';
COMMENT ON COLUMN TBL_ETC_SAL.BONUS_PAY_YN IS 'BONUS_PAY_YN';
COMMENT ON COLUMN TBL_ETC_SAL.BONUS_PAY IS 'BONUS_PAY';
COMMENT ON COLUMN TBL_APPOINT_RECORD.EMP_NO IS 'EMP_NO';
COMMENT ON COLUMN TBL_APPOINT_RECORD.CAREER_IDX IS 'CAREER_IDX';
COMMENT ON COLUMN TBL_APPOINT_RECORD.APPOINT_DATE IS 'APPOINT_DATE';
COMMENT ON COLUMN TBL_APPOINT_RECORD.ROL_POSITION IS 'ROL_POSITION';
COMMENT ON COLUMN TBL_APPOINT_RECORD.DEPT_CODE IS 'DEPT_CODE';
COMMENT ON COLUMN TBL_DEPT.DEPT_CODE IS 'DEPT_CODE';
COMMENT ON COLUMN TBL_DEPT.DEPT_NM IS 'DEPT_NM';
COMMENT ON COLUMN TBL_DEPT.REGION IS 'REGION';
COMMENT ON COLUMN TBL_EMP.EMP_NO IS 'EMP_NO';
COMMENT ON COLUMN TBL_EMP.EMP_NM IS 'EMP_NM';
COMMENT ON COLUMN TBL_EMP.DEPT_CODE IS 'DEPT_CODE';
COMMENT ON COLUMN TBL_EMP.ROL_POSITION IS 'ROL_POSITION';
COMMENT ON COLUMN TBL_EMP.JOIN_DATE IS 'JOIN_DATE';
COMMENT ON COLUMN TBL_EMP.RETIRE_DATE IS 'RETIRE_DATE';
COMMENT ON COLUMN TBL_EMP.SAL_TYPE IS 'SAL_TYPE';
COMMENT ON COLUMN TBL_EMP.MONTH_SAL IS 'MONTH_SAL';
COMMENT ON COLUMN TBL_EMP.REG_DATE IS 'REG_DATE';
COMMENT ON COLUMN TBL_ANNUAL_SAL.EMP_NO IS 'EMP_NO';
COMMENT ON COLUMN TBL_ANNUAL_SAL.ANNUAL_SAL IS 'ANNUAL_SAL';
COMMENT ON COLUMN TBL_ANNUAL_SAL.BSIC_MONTH_PAY IS 'BSIC_MONTH_PAY';
COMMENT ON COLUMN TBL_STEP_SAL.EMP_NO IS 'EMP_NO';
COMMENT ON COLUMN TBL_STEP_SAL.SAL_CLASS IS 'SAL_CLASS';
COMMENT ON COLUMN TBL_STEP_SAL.BSIC_MONTH_PAY IS 'BSIC_MONTH_PAY';
